
go

set dateformat ymd
set arithabort, ansi_padding, ansi_warnings, concat_null_yields_null, quoted_identifier, ansi_nulls, nocount on
set numeric_roundabort, implicit_transactions, xact_abort off
go

go

set identity_insert dbo.ApplicationLocale on
go
insert dbo.ApplicationLocale (Id, ApplicationId, LocaleId, Active, CreatedDate, CreatedBy, UpdatedDate, UpdatedBy) values ( 1, 1,  91, convert(bit, 'True') ,'2018-04-16 10:04:32.843', '00000000-0000-0000-0000-0000000004D7', '2018-04-16 10:04:36.273', '00000000-0000-0000-0000-0000000004D7')
insert dbo.ApplicationLocale (Id, ApplicationId, LocaleId, Active, CreatedDate, CreatedBy, UpdatedDate, UpdatedBy) values ( 2, 1, 133, convert(bit, 'True') ,'2018-04-17 10:05:20.303', '00000000-0000-0000-0000-0000000004D8', '2018-04-17 10:05:25.230', '00000000-0000-0000-0000-0000000004D8')
insert dbo.ApplicationLocale (Id, ApplicationId, LocaleId, Active, CreatedDate, CreatedBy, UpdatedDate, UpdatedBy) values ( 3, 1, 195, convert(bit, 'False'),'2018-04-17 10:05:43.963', '00000000-0000-0000-0000-0000000004D7', '2018-04-17 10:05:51.653', '00000000-0000-0000-0000-0000000004D7')
insert dbo.ApplicationLocale (Id, ApplicationId, LocaleId, Active, CreatedDate, CreatedBy, UpdatedDate, UpdatedBy) values ( 4, 1, 387, convert(bit, 'True') ,'2018-04-18 10:06:12.303', '00000000-0000-0000-0000-0000000004D8', '2018-04-17 10:06:18.097', '00000000-0000-0000-0000-0000000004D8')
insert dbo.ApplicationLocale (Id, ApplicationId, LocaleId, Active, CreatedDate, CreatedBy, UpdatedDate, UpdatedBy) values ( 5, 2,  91, convert(bit, 'True') ,'2018-04-16 10:04:32.843', '00000000-0000-0000-0000-0000000004D7', '2018-04-16 10:04:36.273', '00000000-0000-0000-0000-0000000004D7')
insert dbo.ApplicationLocale (Id, ApplicationId, LocaleId, Active, CreatedDate, CreatedBy, UpdatedDate, UpdatedBy) values ( 6, 2, 133, convert(bit, 'True') ,'2018-04-17 10:05:20.303', '00000000-0000-0000-0000-0000000004D8', '2018-04-17 10:05:25.230', '00000000-0000-0000-0000-0000000004D8')
insert dbo.ApplicationLocale (Id, ApplicationId, LocaleId, Active, CreatedDate, CreatedBy, UpdatedDate, UpdatedBy) values ( 7, 2, 195, convert(bit, 'False'),'2018-04-17 10:05:43.963', '00000000-0000-0000-0000-0000000004D7', '2018-04-17 10:05:51.653', '00000000-0000-0000-0000-0000000004D7')
insert dbo.ApplicationLocale (Id, ApplicationId, LocaleId, Active, CreatedDate, CreatedBy, UpdatedDate, UpdatedBy) values ( 8, 2, 387, convert(bit, 'True') ,'2018-04-18 10:06:12.303', '00000000-0000-0000-0000-0000000004D8', '2018-04-17 10:06:18.097', '00000000-0000-0000-0000-0000000004D8')
insert dbo.ApplicationLocale (Id, ApplicationId, LocaleId, Active, CreatedDate, CreatedBy, UpdatedDate, UpdatedBy) values ( 9, 3,  91, convert(bit, 'True') ,'2018-04-16 10:04:32.843', '00000000-0000-0000-0000-0000000004D7', '2018-04-16 10:04:36.273', '00000000-0000-0000-0000-0000000004D7')
insert dbo.ApplicationLocale (Id, ApplicationId, LocaleId, Active, CreatedDate, CreatedBy, UpdatedDate, UpdatedBy) values (10, 3, 133, convert(bit, 'True') ,'2018-04-17 10:05:20.303', '00000000-0000-0000-0000-0000000004D8', '2018-04-17 10:05:25.230', '00000000-0000-0000-0000-0000000004D8')
insert dbo.ApplicationLocale (Id, ApplicationId, LocaleId, Active, CreatedDate, CreatedBy, UpdatedDate, UpdatedBy) values (11, 3, 195, convert(bit, 'False'),'2018-04-17 10:05:43.963', '00000000-0000-0000-0000-0000000004D7', '2018-04-17 10:05:51.653', '00000000-0000-0000-0000-0000000004D7')
insert dbo.ApplicationLocale (Id, ApplicationId, LocaleId, Active, CreatedDate, CreatedBy, UpdatedDate, UpdatedBy) values (12, 3, 387, convert(bit, 'True') ,'2018-04-18 10:06:12.303', '00000000-0000-0000-0000-0000000004D8', '2018-04-17 10:06:18.097', '00000000-0000-0000-0000-0000000004D8')
insert dbo.ApplicationLocale (Id, ApplicationId, LocaleId, Active, CreatedDate, CreatedBy, UpdatedDate, UpdatedBy) values (13, 4,  91, convert(bit, 'True') ,'2018-04-16 10:04:32.843', '00000000-0000-0000-0000-0000000004D7', '2018-04-16 10:04:36.273', '00000000-0000-0000-0000-0000000004D7')
insert dbo.ApplicationLocale (Id, ApplicationId, LocaleId, Active, CreatedDate, CreatedBy, UpdatedDate, UpdatedBy) values (14, 4, 133, convert(bit, 'True') ,'2018-04-17 10:05:20.303', '00000000-0000-0000-0000-0000000004D8', '2018-04-17 10:05:25.230', '00000000-0000-0000-0000-0000000004D8')
insert dbo.ApplicationLocale (Id, ApplicationId, LocaleId, Active, CreatedDate, CreatedBy, UpdatedDate, UpdatedBy) values (15, 4, 195, convert(bit, 'False'),'2018-04-17 10:05:43.963', '00000000-0000-0000-0000-0000000004D7', '2018-04-17 10:05:51.653', '00000000-0000-0000-0000-0000000004D7')
insert dbo.ApplicationLocale (Id, ApplicationId, LocaleId, Active, CreatedDate, CreatedBy, UpdatedDate, UpdatedBy) values (16, 4, 387, convert(bit, 'True') ,'2018-04-18 10:06:12.303', '00000000-0000-0000-0000-0000000004D8', '2018-04-17 10:06:18.097', '00000000-0000-0000-0000-0000000004D8')
insert dbo.ApplicationLocale (Id, ApplicationId, LocaleId, Active, CreatedDate, CreatedBy, UpdatedDate, UpdatedBy) values (17, 5,  91, convert(bit, 'True') ,'2018-04-16 10:04:32.843', '00000000-0000-0000-0000-0000000004D7', '2018-04-16 10:04:36.273', '00000000-0000-0000-0000-0000000004D7')
insert dbo.ApplicationLocale (Id, ApplicationId, LocaleId, Active, CreatedDate, CreatedBy, UpdatedDate, UpdatedBy) values (18, 5, 133, convert(bit, 'True') ,'2018-04-17 10:05:20.303', '00000000-0000-0000-0000-0000000004D8', '2018-04-17 10:05:25.230', '00000000-0000-0000-0000-0000000004D8')
insert dbo.ApplicationLocale (Id, ApplicationId, LocaleId, Active, CreatedDate, CreatedBy, UpdatedDate, UpdatedBy) values (19, 5, 195, convert(bit, 'False'),'2018-04-17 10:05:43.963', '00000000-0000-0000-0000-0000000004D7', '2018-04-17 10:05:51.653', '00000000-0000-0000-0000-0000000004D7')
insert dbo.ApplicationLocale (Id, ApplicationId, LocaleId, Active, CreatedDate, CreatedBy, UpdatedDate, UpdatedBy) values (20, 5, 387, convert(bit, 'True') ,'2018-04-18 10:06:12.303', '00000000-0000-0000-0000-0000000004D8', '2018-04-17 10:06:18.097', '00000000-0000-0000-0000-0000000004D8')
insert dbo.ApplicationLocale (Id, ApplicationId, LocaleId, Active, CreatedDate, CreatedBy, UpdatedDate, UpdatedBy) values (21, 6,  91, convert(bit, 'True') ,'2018-04-16 10:04:32.843', '00000000-0000-0000-0000-0000000004D7', '2018-04-16 10:04:36.273', '00000000-0000-0000-0000-0000000004D7')
insert dbo.ApplicationLocale (Id, ApplicationId, LocaleId, Active, CreatedDate, CreatedBy, UpdatedDate, UpdatedBy) values (22, 6, 133, convert(bit, 'True') ,'2018-04-17 10:05:20.303', '00000000-0000-0000-0000-0000000004D8', '2018-04-17 10:05:25.230', '00000000-0000-0000-0000-0000000004D8')
insert dbo.ApplicationLocale (Id, ApplicationId, LocaleId, Active, CreatedDate, CreatedBy, UpdatedDate, UpdatedBy) values (23, 6, 195, convert(bit, 'False'),'2018-04-17 10:05:43.963', '00000000-0000-0000-0000-0000000004D7', '2018-04-17 10:05:51.653', '00000000-0000-0000-0000-0000000004D7')
insert dbo.ApplicationLocale (Id, ApplicationId, LocaleId, Active, CreatedDate, CreatedBy, UpdatedDate, UpdatedBy) values (24, 6, 387, convert(bit, 'True') ,'2018-04-18 10:06:12.303', '00000000-0000-0000-0000-0000000004D8', '2018-04-17 10:06:18.097', '00000000-0000-0000-0000-0000000004D8')
go
set identity_insert dbo.ApplicationLocale off
go

SET IDENTITY_INSERT dbo.ApplicationResourceKey ON
GO
INSERT dbo.ApplicationResourceKey(Id, ApplicationId, Name, TypeId, Description) VALUES (1, 1, N'Common.Status.Active', 1, N'Common.Status.Active')
INSERT dbo.ApplicationResourceKey(Id, ApplicationId, Name, TypeId, Description) VALUES (2, 1, N'Common.Status.Inactive', 1, N'Common.Status.Inactive')
INSERT dbo.ApplicationResourceKey(Id, ApplicationId, Name, TypeId, Description) VALUES (3, 1, N'Common.Status.Deleted', 1, N'Common.Status.Deleted')
INSERT dbo.ApplicationResourceKey(Id, ApplicationId, Name, TypeId, Description) VALUES (4, 1, N'Client.Home.Title', 1, N'Client.Home.Title')
INSERT dbo.ApplicationResourceKey(Id, ApplicationId, Name, TypeId, Description) VALUES (5, 1, N'Client.Home.Alert', 1, N'Client.Home.Alert')
INSERT dbo.ApplicationResourceKey(Id, ApplicationId, Name, TypeId, Description) VALUES (6, 1, N'Client.Home.Username', 1, N'Client.Home.Username')
INSERT dbo.ApplicationResourceKey(Id, ApplicationId, Name, TypeId, Description) VALUES (7, 1, N'Client.Home.Initials', 1, N'Client.Home.Initials')
INSERT dbo.ApplicationResourceKey(Id, ApplicationId, Name, TypeId, Description) VALUES (8, 1, N'Server.Message.NotFound', 1, N'Server.Message.NotFound')
INSERT dbo.ApplicationResourceKey(Id, ApplicationId, Name, TypeId, Description) VALUES (9, 1, N'Server.Message.InvalidRequest', 1, N'Server.Message.InvalidRequest')
INSERT dbo.ApplicationResourceKey(Id, ApplicationId, Name, TypeId, Description) VALUES (10, 1, N'Server.Alert.NewMessage', 1, N'Server.Alert.NewMessage')
INSERT dbo.ApplicationResourceKey(Id, ApplicationId, Name, TypeId, Description) VALUES (11, 1, N'Server.Alert.ArchiveData', 1, N'Server.Alert.ArchiveData')
INSERT dbo.ApplicationResourceKey(Id, ApplicationId, Name, TypeId, Description) VALUES (12, 1, N'Asset.Application.Logo', 2, N'Asset.Application.Logo')
INSERT dbo.ApplicationResourceKey(Id, ApplicationId, Name, TypeId, Description) VALUES (13, 2, N'Common.Status.Active', 1, N'Common.Status.Active')
INSERT dbo.ApplicationResourceKey(Id, ApplicationId, Name, TypeId, Description) VALUES (14, 2, N'Common.Status.Inactive', 1, N'Common.Status.Inactive')
INSERT dbo.ApplicationResourceKey(Id, ApplicationId, Name, TypeId, Description) VALUES (15, 2, N'Common.Status.Deleted', 1, N'Common.Status.Deleted')
INSERT dbo.ApplicationResourceKey(Id, ApplicationId, Name, TypeId, Description) VALUES (16, 2, N'Client.Home.Title', 1, N'Client.Home.Title')
INSERT dbo.ApplicationResourceKey(Id, ApplicationId, Name, TypeId, Description) VALUES (17, 2, N'Client.Home.Alert', 1, N'Client.Home.Alert')
INSERT dbo.ApplicationResourceKey(Id, ApplicationId, Name, TypeId, Description) VALUES (18, 2, N'Client.Home.Username', 1, N'Client.Home.Username')
INSERT dbo.ApplicationResourceKey(Id, ApplicationId, Name, TypeId, Description) VALUES (19, 2, N'Client.Home.Initials', 1, N'Client.Home.Initials')
INSERT dbo.ApplicationResourceKey(Id, ApplicationId, Name, TypeId, Description) VALUES (20, 2, N'Server.Message.NotFound', 1, N'Server.Message.NotFound')
INSERT dbo.ApplicationResourceKey(Id, ApplicationId, Name, TypeId, Description) VALUES (21, 2, N'Server.Message.InvalidRequest', 1, N'Server.Message.InvalidRequest')
INSERT dbo.ApplicationResourceKey(Id, ApplicationId, Name, TypeId, Description) VALUES (22, 2, N'Server.Alert.NewMessage', 1, N'Server.Alert.NewMessage')
INSERT dbo.ApplicationResourceKey(Id, ApplicationId, Name, TypeId, Description) VALUES (23, 2, N'Server.Alert.ArchiveData', 1, N'Server.Alert.ArchiveData')
INSERT dbo.ApplicationResourceKey(Id, ApplicationId, Name, TypeId, Description) VALUES (24, 2, N'Asset.Application.Logo', 2, N'Asset.Application.Logo')
INSERT dbo.ApplicationResourceKey(Id, ApplicationId, Name, TypeId, Description) VALUES (25, 3, N'Common.Status.Active', 1, N'Common.Status.Active')
INSERT dbo.ApplicationResourceKey(Id, ApplicationId, Name, TypeId, Description) VALUES (26, 3, N'Common.Status.Inactive', 1, N'Common.Status.Inactive')
INSERT dbo.ApplicationResourceKey(Id, ApplicationId, Name, TypeId, Description) VALUES (27, 3, N'Common.Status.Deleted', 1, N'Common.Status.Deleted')
INSERT dbo.ApplicationResourceKey(Id, ApplicationId, Name, TypeId, Description) VALUES (28, 3, N'Client.Home.Title', 1, N'Client.Home.Title')
INSERT dbo.ApplicationResourceKey(Id, ApplicationId, Name, TypeId, Description) VALUES (29, 3, N'Client.Home.Alert', 1, N'Client.Home.Alert')
INSERT dbo.ApplicationResourceKey(Id, ApplicationId, Name, TypeId, Description) VALUES (30, 3, N'Client.Home.Username', 1, N'Client.Home.Username')
INSERT dbo.ApplicationResourceKey(Id, ApplicationId, Name, TypeId, Description) VALUES (31, 3, N'Client.Home.Initials', 1, N'Client.Home.Initials')
INSERT dbo.ApplicationResourceKey(Id, ApplicationId, Name, TypeId, Description) VALUES (32, 3, N'Server.Message.NotFound', 1, N'Server.Message.NotFound')
INSERT dbo.ApplicationResourceKey(Id, ApplicationId, Name, TypeId, Description) VALUES (33, 3, N'Server.Message.InvalidRequest', 1, N'Server.Message.InvalidRequest')
INSERT dbo.ApplicationResourceKey(Id, ApplicationId, Name, TypeId, Description) VALUES (34, 3, N'Server.Alert.NewMessage', 1, N'Server.Alert.NewMessage')
INSERT dbo.ApplicationResourceKey(Id, ApplicationId, Name, TypeId, Description) VALUES (35, 3, N'Server.Alert.ArchiveData', 1, N'Server.Alert.ArchiveData')
INSERT dbo.ApplicationResourceKey(Id, ApplicationId, Name, TypeId, Description) VALUES (36, 3, N'Asset.Application.Logo', 2, N'Asset.Application.Logo')
INSERT dbo.ApplicationResourceKey(Id, ApplicationId, Name, TypeId, Description) VALUES (37, 4, N'Common.Status.Active', 1, N'Common.Status.Active')
INSERT dbo.ApplicationResourceKey(Id, ApplicationId, Name, TypeId, Description) VALUES (38, 4, N'Common.Status.Inactive', 1, N'Common.Status.Inactive')
INSERT dbo.ApplicationResourceKey(Id, ApplicationId, Name, TypeId, Description) VALUES (39, 4, N'Common.Status.Deleted', 1, N'Common.Status.Deleted')
INSERT dbo.ApplicationResourceKey(Id, ApplicationId, Name, TypeId, Description) VALUES (40, 4, N'Client.Home.Title', 1, N'Client.Home.Title')
INSERT dbo.ApplicationResourceKey(Id, ApplicationId, Name, TypeId, Description) VALUES (41, 4, N'Client.Home.Alert', 1, N'Client.Home.Alert')
INSERT dbo.ApplicationResourceKey(Id, ApplicationId, Name, TypeId, Description) VALUES (42, 4, N'Client.Home.Username', 1, N'Client.Home.Username')
INSERT dbo.ApplicationResourceKey(Id, ApplicationId, Name, TypeId, Description) VALUES (43, 4, N'Client.Home.Initials', 1, N'Client.Home.Initials')
INSERT dbo.ApplicationResourceKey(Id, ApplicationId, Name, TypeId, Description) VALUES (44, 4, N'Server.Message.NotFound', 1, N'Server.Message.NotFound')
INSERT dbo.ApplicationResourceKey(Id, ApplicationId, Name, TypeId, Description) VALUES (45, 4, N'Server.Message.InvalidRequest', 1, N'Server.Message.InvalidRequest')
INSERT dbo.ApplicationResourceKey(Id, ApplicationId, Name, TypeId, Description) VALUES (46, 4, N'Server.Alert.NewMessage', 1, N'Server.Alert.NewMessage')
INSERT dbo.ApplicationResourceKey(Id, ApplicationId, Name, TypeId, Description) VALUES (47, 4, N'Server.Alert.ArchiveData', 1, N'Server.Alert.ArchiveData')
INSERT dbo.ApplicationResourceKey(Id, ApplicationId, Name, TypeId, Description) VALUES (48, 4, N'Asset.Application.Logo', 2, N'Asset.Application.Logo')
INSERT dbo.ApplicationResourceKey(Id, ApplicationId, Name, TypeId, Description) VALUES (49, 5, N'Common.Status.Active', 1, N'Common.Status.Active')
INSERT dbo.ApplicationResourceKey(Id, ApplicationId, Name, TypeId, Description) VALUES (50, 5, N'Common.Status.Inactive', 1, N'Common.Status.Inactive')
INSERT dbo.ApplicationResourceKey(Id, ApplicationId, Name, TypeId, Description) VALUES (51, 5, N'Common.Status.Deleted', 1, N'Common.Status.Deleted')
INSERT dbo.ApplicationResourceKey(Id, ApplicationId, Name, TypeId, Description) VALUES (52, 5, N'Client.Home.Title', 1, N'Client.Home.Title')
INSERT dbo.ApplicationResourceKey(Id, ApplicationId, Name, TypeId, Description) VALUES (53, 5, N'Client.Home.Alert', 1, N'Client.Home.Alert')
INSERT dbo.ApplicationResourceKey(Id, ApplicationId, Name, TypeId, Description) VALUES (54, 5, N'Client.Home.Username', 1, N'Client.Home.Username')
INSERT dbo.ApplicationResourceKey(Id, ApplicationId, Name, TypeId, Description) VALUES (55, 5, N'Client.Home.Initials', 1, N'Client.Home.Initials')
INSERT dbo.ApplicationResourceKey(Id, ApplicationId, Name, TypeId, Description) VALUES (56, 5, N'Server.Message.NotFound', 1, N'Server.Message.NotFound')
INSERT dbo.ApplicationResourceKey(Id, ApplicationId, Name, TypeId, Description) VALUES (57, 5, N'Server.Message.InvalidRequest', 1, N'Server.Message.InvalidRequest')
INSERT dbo.ApplicationResourceKey(Id, ApplicationId, Name, TypeId, Description) VALUES (58, 5, N'Server.Alert.NewMessage', 1, N'Server.Alert.NewMessage')
INSERT dbo.ApplicationResourceKey(Id, ApplicationId, Name, TypeId, Description) VALUES (59, 5, N'Server.Alert.ArchiveData', 1, N'Server.Alert.ArchiveData')
INSERT dbo.ApplicationResourceKey(Id, ApplicationId, Name, TypeId, Description) VALUES (60, 5, N'Asset.Application.Logo', 2, N'Asset.Application.Logo')
INSERT dbo.ApplicationResourceKey(Id, ApplicationId, Name, TypeId, Description) VALUES (61, 6, N'Common.Status.Active', 1, N'Common.Status.Active')
INSERT dbo.ApplicationResourceKey(Id, ApplicationId, Name, TypeId, Description) VALUES (62, 6, N'Common.Status.Inactive', 1, N'Common.Status.Inactive')
INSERT dbo.ApplicationResourceKey(Id, ApplicationId, Name, TypeId, Description) VALUES (63, 6, N'Common.Status.Deleted', 1, N'Common.Status.Deleted')
INSERT dbo.ApplicationResourceKey(Id, ApplicationId, Name, TypeId, Description) VALUES (64, 6, N'Client.Home.Title', 1, N'Client.Home.Title')
INSERT dbo.ApplicationResourceKey(Id, ApplicationId, Name, TypeId, Description) VALUES (65, 6, N'Client.Home.Alert', 1, N'Client.Home.Alert')
INSERT dbo.ApplicationResourceKey(Id, ApplicationId, Name, TypeId, Description) VALUES (66, 6, N'Client.Home.Username', 1, N'Client.Home.Username')
INSERT dbo.ApplicationResourceKey(Id, ApplicationId, Name, TypeId, Description) VALUES (67, 6, N'Client.Home.Initials', 1, N'Client.Home.Initials')
INSERT dbo.ApplicationResourceKey(Id, ApplicationId, Name, TypeId, Description) VALUES (68, 6, N'Server.Message.NotFound', 1, N'Server.Message.NotFound')
INSERT dbo.ApplicationResourceKey(Id, ApplicationId, Name, TypeId, Description) VALUES (69, 6, N'Server.Message.InvalidRequest', 1, N'Server.Message.InvalidRequest')
INSERT dbo.ApplicationResourceKey(Id, ApplicationId, Name, TypeId, Description) VALUES (70, 6, N'Server.Alert.NewMessage', 1, N'Server.Alert.NewMessage')
INSERT dbo.ApplicationResourceKey(Id, ApplicationId, Name, TypeId, Description) VALUES (71, 6, N'Server.Alert.ArchiveData', 1, N'Server.Alert.ArchiveData')
INSERT dbo.ApplicationResourceKey(Id, ApplicationId, Name, TypeId, Description) VALUES (72, 6, N'Asset.Application.Logo', 2, N'Asset.Application.Logo')
GO
SET IDENTITY_INSERT dbo.ApplicationResourceKey OFF
GO

INSERT dbo.ApplicationResourceValue(ApplicationResourceKeyId, LocaleId, CreatedDate, CreatedBy, UpdatedDate, UpdatedBy, Value) VALUES (1, 91,'2018-04-16 10:04:32.843', '00000000-0000-0000-0000-0000000004D7', '2018-04-16 10:04:36.273', '00000000-0000-0000-0000-0000000004D7', N'Test En ${link name} 1')
INSERT dbo.ApplicationResourceValue(ApplicationResourceKeyId, LocaleId, CreatedDate, CreatedBy, UpdatedDate, UpdatedBy, Value) VALUES (1, 133,'2018-04-17 10:05:20.303', '00000000-0000-0000-0000-0000000004D8', '2018-04-17 10:05:25.230', '00000000-0000-0000-0000-0000000004D8', N'Test Fr 1')
INSERT dbo.ApplicationResourceValue(ApplicationResourceKeyId, LocaleId, CreatedDate, CreatedBy, UpdatedDate, UpdatedBy, Value) VALUES (2, 91,'2018-04-17 10:05:43.963', '00000000-0000-0000-0000-0000000004D7', '2018-04-17 10:05:51.653', '00000000-0000-0000-0000-0000000004D7', N'Test En ${first name} ${last name} 2')
INSERT dbo.ApplicationResourceValue(ApplicationResourceKeyId, LocaleId, CreatedDate, CreatedBy, UpdatedDate, UpdatedBy, Value) VALUES (2, 133,'2018-04-18 10:06:12.303', '00000000-0000-0000-0000-0000000004D8', '2018-04-17 10:06:18.097', '00000000-0000-0000-0000-0000000004D8', N'Test Fr 2')
INSERT dbo.ApplicationResourceValue(ApplicationResourceKeyId, LocaleId, CreatedDate, CreatedBy, UpdatedDate, UpdatedBy, Value) VALUES (3, 91,'2018-04-16 10:04:32.843', '00000000-0000-0000-0000-0000000004D7', '2018-04-16 10:04:36.273', '00000000-0000-0000-0000-0000000004D7', N'Test En 3')
INSERT dbo.ApplicationResourceValue(ApplicationResourceKeyId, LocaleId, CreatedDate, CreatedBy, UpdatedDate, UpdatedBy, Value) VALUES (3, 133,'2018-04-17 10:05:20.303', '00000000-0000-0000-0000-0000000004D8', '2018-04-17 10:05:25.230', '00000000-0000-0000-0000-0000000004D8', N'Test Fr 3')
INSERT dbo.ApplicationResourceValue(ApplicationResourceKeyId, LocaleId, CreatedDate, CreatedBy, UpdatedDate, UpdatedBy, Value) VALUES (4, 91,'2018-04-17 10:05:43.963', '00000000-0000-0000-0000-0000000004D7', '2018-04-17 10:05:51.653', '00000000-0000-0000-0000-0000000004D7', N'Test En 4')
INSERT dbo.ApplicationResourceValue(ApplicationResourceKeyId, LocaleId, CreatedDate, CreatedBy, UpdatedDate, UpdatedBy, Value) VALUES (4, 133,'2018-04-18 10:06:12.303', '00000000-0000-0000-0000-0000000004D8', '2018-04-17 10:06:18.097', '00000000-0000-0000-0000-0000000004D8', N'Test Fr 4')
INSERT dbo.ApplicationResourceValue(ApplicationResourceKeyId, LocaleId, CreatedDate, CreatedBy, UpdatedDate, UpdatedBy, Value) VALUES (5, 91,'2018-04-16 10:04:32.843', '00000000-0000-0000-0000-0000000004D7', '2018-04-16 10:04:36.273', '00000000-0000-0000-0000-0000000004D7', N'Test En 5')
INSERT dbo.ApplicationResourceValue(ApplicationResourceKeyId, LocaleId, CreatedDate, CreatedBy, UpdatedDate, UpdatedBy, Value) VALUES (5, 133,'2018-04-17 10:05:20.303', '00000000-0000-0000-0000-0000000004D8', '2018-04-17 10:05:25.230', '00000000-0000-0000-0000-0000000004D8', N'Test Fr 5')
INSERT dbo.ApplicationResourceValue(ApplicationResourceKeyId, LocaleId, CreatedDate, CreatedBy, UpdatedDate, UpdatedBy, Value) VALUES (6, 91,'2018-04-17 10:05:43.963', '00000000-0000-0000-0000-0000000004D7', '2018-04-17 10:05:51.653', '00000000-0000-0000-0000-0000000004D7', N'Test En 6')
INSERT dbo.ApplicationResourceValue(ApplicationResourceKeyId, LocaleId, CreatedDate, CreatedBy, UpdatedDate, UpdatedBy, Value) VALUES (6, 133,'2018-04-18 10:06:12.303', '00000000-0000-0000-0000-0000000004D8', '2018-04-17 10:06:18.097', '00000000-0000-0000-0000-0000000004D8', N'Test Fr 6')
INSERT dbo.ApplicationResourceValue(ApplicationResourceKeyId, LocaleId, CreatedDate, CreatedBy, UpdatedDate, UpdatedBy, Value) VALUES (7, 91,'2018-04-16 10:04:32.843', '00000000-0000-0000-0000-0000000004D7', '2018-04-16 10:04:36.273', '00000000-0000-0000-0000-0000000004D7', N'Test En 7')
INSERT dbo.ApplicationResourceValue(ApplicationResourceKeyId, LocaleId, CreatedDate, CreatedBy, UpdatedDate, UpdatedBy, Value) VALUES (7, 133,'2018-04-17 10:05:20.303', '00000000-0000-0000-0000-0000000004D8', '2018-04-17 10:05:25.230', '00000000-0000-0000-0000-0000000004D8', N'Test Fr 7')
INSERT dbo.ApplicationResourceValue(ApplicationResourceKeyId, LocaleId, CreatedDate, CreatedBy, UpdatedDate, UpdatedBy, Value) VALUES (8, 91,'2018-04-17 10:05:43.963', '00000000-0000-0000-0000-0000000004D7', '2018-04-17 10:05:51.653', '00000000-0000-0000-0000-0000000004D7', N'Test En 8')
INSERT dbo.ApplicationResourceValue(ApplicationResourceKeyId, LocaleId, CreatedDate, CreatedBy, UpdatedDate, UpdatedBy, Value) VALUES (8, 133,'2018-04-18 10:06:12.303', '00000000-0000-0000-0000-0000000004D8', '2018-04-17 10:06:18.097', '00000000-0000-0000-0000-0000000004D8', N'Test Fr 8')
INSERT dbo.ApplicationResourceValue(ApplicationResourceKeyId, LocaleId, CreatedDate, CreatedBy, UpdatedDate, UpdatedBy, Value) VALUES (9, 91,'2018-04-16 10:04:32.843', '00000000-0000-0000-0000-0000000004D7', '2018-04-16 10:04:36.273', '00000000-0000-0000-0000-0000000004D7', N'Test En 9')
INSERT dbo.ApplicationResourceValue(ApplicationResourceKeyId, LocaleId, CreatedDate, CreatedBy, UpdatedDate, UpdatedBy, Value) VALUES (9, 133,'2018-04-17 10:05:20.303', '00000000-0000-0000-0000-0000000004D8', '2018-04-17 10:05:25.230', '00000000-0000-0000-0000-0000000004D8', N'Test Fr 9')
INSERT dbo.ApplicationResourceValue(ApplicationResourceKeyId, LocaleId, CreatedDate, CreatedBy, UpdatedDate, UpdatedBy, Value) VALUES (10,91,'2018-04-17 10:05:43.963', '00000000-0000-0000-0000-0000000004D7', '2018-04-17 10:05:51.653', '00000000-0000-0000-0000-0000000004D7', N'Test En 10')
INSERT dbo.ApplicationResourceValue(ApplicationResourceKeyId, LocaleId, CreatedDate, CreatedBy, UpdatedDate, UpdatedBy, Value) VALUES (10,133,'2018-04-18 10:06:12.303', '00000000-0000-0000-0000-0000000004D8', '2018-04-17 10:06:18.097', '00000000-0000-0000-0000-0000000004D8', N'Test Fr 10')
INSERT dbo.ApplicationResourceValue(ApplicationResourceKeyId, LocaleId, CreatedDate, CreatedBy, UpdatedDate, UpdatedBy, Value) VALUES (11,91,'2018-04-16 10:04:32.843', '00000000-0000-0000-0000-0000000004D7', '2018-04-16 10:04:36.273', '00000000-0000-0000-0000-0000000004D7', N'Test En 11')
INSERT dbo.ApplicationResourceValue(ApplicationResourceKeyId, LocaleId, CreatedDate, CreatedBy, UpdatedDate, UpdatedBy, Value) VALUES (11,133,'2018-04-17 10:05:20.303', '00000000-0000-0000-0000-0000000004D8', '2018-04-17 10:05:25.230', '00000000-0000-0000-0000-0000000004D8', N'Test Fr 11')
INSERT dbo.ApplicationResourceValue(ApplicationResourceKeyId, LocaleId, CreatedDate, CreatedBy, UpdatedDate, UpdatedBy, Value) VALUES (12,91,'2018-04-17 10:05:43.963', '00000000-0000-0000-0000-0000000004D7', '2018-04-17 10:05:51.653', '00000000-0000-0000-0000-0000000004D7', N'Test En 12')
INSERT dbo.ApplicationResourceValue(ApplicationResourceKeyId, LocaleId, CreatedDate, CreatedBy, UpdatedDate, UpdatedBy, Value) VALUES (12,133,'2018-04-18 10:06:12.303', '00000000-0000-0000-0000-0000000004D8', '2018-04-17 10:06:18.097', '00000000-0000-0000-0000-0000000004D8', N'Test Fr 12')
INSERT dbo.ApplicationResourceValue(ApplicationResourceKeyId, LocaleId, CreatedDate, CreatedBy, UpdatedDate, UpdatedBy, Value) VALUES (13,91,'2018-04-16 10:04:32.843', '00000000-0000-0000-0000-0000000004D7', '2018-04-16 10:04:36.273', '00000000-0000-0000-0000-0000000004D7', N'Test En 13')
INSERT dbo.ApplicationResourceValue(ApplicationResourceKeyId, LocaleId, CreatedDate, CreatedBy, UpdatedDate, UpdatedBy, Value) VALUES (13,133,'2018-04-17 10:05:20.303', '00000000-0000-0000-0000-0000000004D8', '2018-04-17 10:05:25.230', '00000000-0000-0000-0000-0000000004D8', N'Test Fr 13')
INSERT dbo.ApplicationResourceValue(ApplicationResourceKeyId, LocaleId, CreatedDate, CreatedBy, UpdatedDate, UpdatedBy, Value) VALUES (14,91,'2018-04-17 10:05:43.963', '00000000-0000-0000-0000-0000000004D7', '2018-04-17 10:05:51.653', '00000000-0000-0000-0000-0000000004D7', N'Test En 14')
INSERT dbo.ApplicationResourceValue(ApplicationResourceKeyId, LocaleId, CreatedDate, CreatedBy, UpdatedDate, UpdatedBy, Value) VALUES (14,133,'2018-04-18 10:06:12.303', '00000000-0000-0000-0000-0000000004D8', '2018-04-17 10:06:18.097', '00000000-0000-0000-0000-0000000004D8', N'Test Fr 14')
INSERT dbo.ApplicationResourceValue(ApplicationResourceKeyId, LocaleId, CreatedDate, CreatedBy, UpdatedDate, UpdatedBy, Value) VALUES (15,91,'2018-04-16 10:04:32.843', '00000000-0000-0000-0000-0000000004D7', '2018-04-16 10:04:36.273', '00000000-0000-0000-0000-0000000004D7', N'Test En 15')
INSERT dbo.ApplicationResourceValue(ApplicationResourceKeyId, LocaleId, CreatedDate, CreatedBy, UpdatedDate, UpdatedBy, Value) VALUES (15,133,'2018-04-17 10:05:20.303', '00000000-0000-0000-0000-0000000004D8', '2018-04-17 10:05:25.230', '00000000-0000-0000-0000-0000000004D8', N'Test Fr 15')
INSERT dbo.ApplicationResourceValue(ApplicationResourceKeyId, LocaleId, CreatedDate, CreatedBy, UpdatedDate, UpdatedBy, Value) VALUES (16,91,'2018-04-17 10:05:43.963', '00000000-0000-0000-0000-0000000004D7', '2018-04-17 10:05:51.653', '00000000-0000-0000-0000-0000000004D7', N'Test En 16')
INSERT dbo.ApplicationResourceValue(ApplicationResourceKeyId, LocaleId, CreatedDate, CreatedBy, UpdatedDate, UpdatedBy, Value) VALUES (16,133,'2018-04-18 10:06:12.303', '00000000-0000-0000-0000-0000000004D8', '2018-04-17 10:06:18.097', '00000000-0000-0000-0000-0000000004D8', N'Test Fr 16')
INSERT dbo.ApplicationResourceValue(ApplicationResourceKeyId, LocaleId, CreatedDate, CreatedBy, UpdatedDate, UpdatedBy, Value) VALUES (17,91,'2018-04-16 10:04:32.843', '00000000-0000-0000-0000-0000000004D7', '2018-04-16 10:04:36.273', '00000000-0000-0000-0000-0000000004D7', N'Test En 17')
INSERT dbo.ApplicationResourceValue(ApplicationResourceKeyId, LocaleId, CreatedDate, CreatedBy, UpdatedDate, UpdatedBy, Value) VALUES (17,133,'2018-04-17 10:05:20.303', '00000000-0000-0000-0000-0000000004D8', '2018-04-17 10:05:25.230', '00000000-0000-0000-0000-0000000004D8', N'Test Fr 17')
INSERT dbo.ApplicationResourceValue(ApplicationResourceKeyId, LocaleId, CreatedDate, CreatedBy, UpdatedDate, UpdatedBy, Value) VALUES (18,91,'2018-04-17 10:05:43.963', '00000000-0000-0000-0000-0000000004D7', '2018-04-17 10:05:51.653', '00000000-0000-0000-0000-0000000004D7', N'Test En 18')
INSERT dbo.ApplicationResourceValue(ApplicationResourceKeyId, LocaleId, CreatedDate, CreatedBy, UpdatedDate, UpdatedBy, Value) VALUES (18,133,'2018-04-18 10:06:12.303', '00000000-0000-0000-0000-0000000004D8', '2018-04-17 10:06:18.097', '00000000-0000-0000-0000-0000000004D8', N'Test Fr 18')
INSERT dbo.ApplicationResourceValue(ApplicationResourceKeyId, LocaleId, CreatedDate, CreatedBy, UpdatedDate, UpdatedBy, Value) VALUES (19,91,'2018-04-16 10:04:32.843', '00000000-0000-0000-0000-0000000004D7', '2018-04-16 10:04:36.273', '00000000-0000-0000-0000-0000000004D7', N'Test En 19')
INSERT dbo.ApplicationResourceValue(ApplicationResourceKeyId, LocaleId, CreatedDate, CreatedBy, UpdatedDate, UpdatedBy, Value) VALUES (19,133,'2018-04-17 10:05:20.303', '00000000-0000-0000-0000-0000000004D8', '2018-04-17 10:05:25.230', '00000000-0000-0000-0000-0000000004D8', N'Test Fr 19')
INSERT dbo.ApplicationResourceValue(ApplicationResourceKeyId, LocaleId, CreatedDate, CreatedBy, UpdatedDate, UpdatedBy, Value) VALUES (20,91,'2018-04-17 10:05:43.963', '00000000-0000-0000-0000-0000000004D7', '2018-04-17 10:05:51.653', '00000000-0000-0000-0000-0000000004D7', N'Test En 20')
INSERT dbo.ApplicationResourceValue(ApplicationResourceKeyId, LocaleId, CreatedDate, CreatedBy, UpdatedDate, UpdatedBy, Value) VALUES (20,133,'2018-04-18 10:06:12.303', '00000000-0000-0000-0000-0000000004D8', '2018-04-17 10:06:18.097', '00000000-0000-0000-0000-0000000004D8', N'Test Fr 20')
INSERT dbo.ApplicationResourceValue(ApplicationResourceKeyId, LocaleId, CreatedDate, CreatedBy, UpdatedDate, UpdatedBy, Value) VALUES (21,91,'2018-04-16 10:04:32.843', '00000000-0000-0000-0000-0000000004D7', '2018-04-16 10:04:36.273', '00000000-0000-0000-0000-0000000004D7', N'Test En 21')
INSERT dbo.ApplicationResourceValue(ApplicationResourceKeyId, LocaleId, CreatedDate, CreatedBy, UpdatedDate, UpdatedBy, Value) VALUES (21,133,'2018-04-17 10:05:20.303', '00000000-0000-0000-0000-0000000004D8', '2018-04-17 10:05:25.230', '00000000-0000-0000-0000-0000000004D8', N'Test Fr 21')
INSERT dbo.ApplicationResourceValue(ApplicationResourceKeyId, LocaleId, CreatedDate, CreatedBy, UpdatedDate, UpdatedBy, Value) VALUES (22,91,'2018-04-17 10:05:43.963', '00000000-0000-0000-0000-0000000004D7', '2018-04-17 10:05:51.653', '00000000-0000-0000-0000-0000000004D7', N'Test En 22')
INSERT dbo.ApplicationResourceValue(ApplicationResourceKeyId, LocaleId, CreatedDate, CreatedBy, UpdatedDate, UpdatedBy, Value) VALUES (22,133,'2018-04-18 10:06:12.303', '00000000-0000-0000-0000-0000000004D8', '2018-04-17 10:06:18.097', '00000000-0000-0000-0000-0000000004D8', N'Test Fr 22')
INSERT dbo.ApplicationResourceValue(ApplicationResourceKeyId, LocaleId, CreatedDate, CreatedBy, UpdatedDate, UpdatedBy, Value) VALUES (23,91,'2018-04-16 10:04:32.843', '00000000-0000-0000-0000-0000000004D7', '2018-04-16 10:04:36.273', '00000000-0000-0000-0000-0000000004D7', N'Test En 23')
INSERT dbo.ApplicationResourceValue(ApplicationResourceKeyId, LocaleId, CreatedDate, CreatedBy, UpdatedDate, UpdatedBy, Value) VALUES (23,133,'2018-04-17 10:05:20.303', '00000000-0000-0000-0000-0000000004D8', '2018-04-17 10:05:25.230', '00000000-0000-0000-0000-0000000004D8', N'Test Fr 23')
INSERT dbo.ApplicationResourceValue(ApplicationResourceKeyId, LocaleId, CreatedDate, CreatedBy, UpdatedDate, UpdatedBy, Value) VALUES (24,91,'2018-04-17 10:05:43.963', '00000000-0000-0000-0000-0000000004D7', '2018-04-17 10:05:51.653', '00000000-0000-0000-0000-0000000004D7', N'Test En 24')
INSERT dbo.ApplicationResourceValue(ApplicationResourceKeyId, LocaleId, CreatedDate, CreatedBy, UpdatedDate, UpdatedBy, Value) VALUES (24,133,'2018-04-18 10:06:12.303', '00000000-0000-0000-0000-0000000004D8', '2018-04-17 10:06:18.097', '00000000-0000-0000-0000-0000000004D8', N'Test Fr 24')
INSERT dbo.ApplicationResourceValue(ApplicationResourceKeyId, LocaleId, CreatedDate, CreatedBy, UpdatedDate, UpdatedBy, Value) VALUES (25,91,'2018-04-16 10:04:32.843', '00000000-0000-0000-0000-0000000004D7', '2018-04-16 10:04:36.273', '00000000-0000-0000-0000-0000000004D7', N'Test En 25')
INSERT dbo.ApplicationResourceValue(ApplicationResourceKeyId, LocaleId, CreatedDate, CreatedBy, UpdatedDate, UpdatedBy, Value) VALUES (25,133,'2018-04-17 10:05:20.303', '00000000-0000-0000-0000-0000000004D8', '2018-04-17 10:05:25.230', '00000000-0000-0000-0000-0000000004D8', N'Test Fr 25')
INSERT dbo.ApplicationResourceValue(ApplicationResourceKeyId, LocaleId, CreatedDate, CreatedBy, UpdatedDate, UpdatedBy, Value) VALUES (26,91,'2018-04-17 10:05:43.963', '00000000-0000-0000-0000-0000000004D7', '2018-04-17 10:05:51.653', '00000000-0000-0000-0000-0000000004D7', N'Test En 26')
INSERT dbo.ApplicationResourceValue(ApplicationResourceKeyId, LocaleId, CreatedDate, CreatedBy, UpdatedDate, UpdatedBy, Value) VALUES (26,133,'2018-04-18 10:06:12.303', '00000000-0000-0000-0000-0000000004D8', '2018-04-17 10:06:18.097', '00000000-0000-0000-0000-0000000004D8', N'Test Fr 26')
INSERT dbo.ApplicationResourceValue(ApplicationResourceKeyId, LocaleId, CreatedDate, CreatedBy, UpdatedDate, UpdatedBy, Value) VALUES (27,91,'2018-04-16 10:04:32.843', '00000000-0000-0000-0000-0000000004D7', '2018-04-16 10:04:36.273', '00000000-0000-0000-0000-0000000004D7', N'Test En 27')
INSERT dbo.ApplicationResourceValue(ApplicationResourceKeyId, LocaleId, CreatedDate, CreatedBy, UpdatedDate, UpdatedBy, Value) VALUES (27,133,'2018-04-17 10:05:20.303', '00000000-0000-0000-0000-0000000004D8', '2018-04-17 10:05:25.230', '00000000-0000-0000-0000-0000000004D8', N'Test Fr 27')
INSERT dbo.ApplicationResourceValue(ApplicationResourceKeyId, LocaleId, CreatedDate, CreatedBy, UpdatedDate, UpdatedBy, Value) VALUES (28,91,'2018-04-17 10:05:43.963', '00000000-0000-0000-0000-0000000004D7', '2018-04-17 10:05:51.653', '00000000-0000-0000-0000-0000000004D7', N'Test En 28')
INSERT dbo.ApplicationResourceValue(ApplicationResourceKeyId, LocaleId, CreatedDate, CreatedBy, UpdatedDate, UpdatedBy, Value) VALUES (28,133,'2018-04-18 10:06:12.303', '00000000-0000-0000-0000-0000000004D8', '2018-04-17 10:06:18.097', '00000000-0000-0000-0000-0000000004D8', N'Test Fr 28')
INSERT dbo.ApplicationResourceValue(ApplicationResourceKeyId, LocaleId, CreatedDate, CreatedBy, UpdatedDate, UpdatedBy, Value) VALUES (29,91,'2018-04-16 10:04:32.843', '00000000-0000-0000-0000-0000000004D7', '2018-04-16 10:04:36.273', '00000000-0000-0000-0000-0000000004D7', N'Test En 29')
INSERT dbo.ApplicationResourceValue(ApplicationResourceKeyId, LocaleId, CreatedDate, CreatedBy, UpdatedDate, UpdatedBy, Value) VALUES (29,133,'2018-04-17 10:05:20.303', '00000000-0000-0000-0000-0000000004D8', '2018-04-17 10:05:25.230', '00000000-0000-0000-0000-0000000004D8', N'Test Fr 29')
INSERT dbo.ApplicationResourceValue(ApplicationResourceKeyId, LocaleId, CreatedDate, CreatedBy, UpdatedDate, UpdatedBy, Value) VALUES (30,91,'2018-04-17 10:05:43.963', '00000000-0000-0000-0000-0000000004D7', '2018-04-17 10:05:51.653', '00000000-0000-0000-0000-0000000004D7', N'Test En 30')
INSERT dbo.ApplicationResourceValue(ApplicationResourceKeyId, LocaleId, CreatedDate, CreatedBy, UpdatedDate, UpdatedBy, Value) VALUES (30,133,'2018-04-18 10:06:12.303', '00000000-0000-0000-0000-0000000004D8', '2018-04-17 10:06:18.097', '00000000-0000-0000-0000-0000000004D8', N'Test Fr 30')
INSERT dbo.ApplicationResourceValue(ApplicationResourceKeyId, LocaleId, CreatedDate, CreatedBy, UpdatedDate, UpdatedBy, Value) VALUES (31,91,'2018-04-16 10:04:32.843', '00000000-0000-0000-0000-0000000004D7', '2018-04-16 10:04:36.273', '00000000-0000-0000-0000-0000000004D7', N'Test En 31')
INSERT dbo.ApplicationResourceValue(ApplicationResourceKeyId, LocaleId, CreatedDate, CreatedBy, UpdatedDate, UpdatedBy, Value) VALUES (31,133,'2018-04-17 10:05:20.303', '00000000-0000-0000-0000-0000000004D8', '2018-04-17 10:05:25.230', '00000000-0000-0000-0000-0000000004D8', N'Test Fr 31')
INSERT dbo.ApplicationResourceValue(ApplicationResourceKeyId, LocaleId, CreatedDate, CreatedBy, UpdatedDate, UpdatedBy, Value) VALUES (32,91,'2018-04-17 10:05:43.963', '00000000-0000-0000-0000-0000000004D7', '2018-04-17 10:05:51.653', '00000000-0000-0000-0000-0000000004D7', N'Test En 32')
INSERT dbo.ApplicationResourceValue(ApplicationResourceKeyId, LocaleId, CreatedDate, CreatedBy, UpdatedDate, UpdatedBy, Value) VALUES (32,133,'2018-04-18 10:06:12.303', '00000000-0000-0000-0000-0000000004D8', '2018-04-17 10:06:18.097', '00000000-0000-0000-0000-0000000004D8', N'Test Fr 32')
INSERT dbo.ApplicationResourceValue(ApplicationResourceKeyId, LocaleId, CreatedDate, CreatedBy, UpdatedDate, UpdatedBy, Value) VALUES (33,91,'2018-04-16 10:04:32.843', '00000000-0000-0000-0000-0000000004D7', '2018-04-16 10:04:36.273', '00000000-0000-0000-0000-0000000004D7', N'Test En 33')
INSERT dbo.ApplicationResourceValue(ApplicationResourceKeyId, LocaleId, CreatedDate, CreatedBy, UpdatedDate, UpdatedBy, Value) VALUES (33,133,'2018-04-17 10:05:20.303', '00000000-0000-0000-0000-0000000004D8', '2018-04-17 10:05:25.230', '00000000-0000-0000-0000-0000000004D8', N'Test Fr 33')
INSERT dbo.ApplicationResourceValue(ApplicationResourceKeyId, LocaleId, CreatedDate, CreatedBy, UpdatedDate, UpdatedBy, Value) VALUES (34,91,'2018-04-17 10:05:43.963', '00000000-0000-0000-0000-0000000004D7', '2018-04-17 10:05:51.653', '00000000-0000-0000-0000-0000000004D7', N'Test En 34')
INSERT dbo.ApplicationResourceValue(ApplicationResourceKeyId, LocaleId, CreatedDate, CreatedBy, UpdatedDate, UpdatedBy, Value) VALUES (34,133,'2018-04-18 10:06:12.303', '00000000-0000-0000-0000-0000000004D8', '2018-04-17 10:06:18.097', '00000000-0000-0000-0000-0000000004D8', N'Test Fr 34')
INSERT dbo.ApplicationResourceValue(ApplicationResourceKeyId, LocaleId, CreatedDate, CreatedBy, UpdatedDate, UpdatedBy, Value) VALUES (35,91,'2018-04-16 10:04:32.843', '00000000-0000-0000-0000-0000000004D7', '2018-04-16 10:04:36.273', '00000000-0000-0000-0000-0000000004D7', N'Test En 35')
INSERT dbo.ApplicationResourceValue(ApplicationResourceKeyId, LocaleId, CreatedDate, CreatedBy, UpdatedDate, UpdatedBy, Value) VALUES (35,133,'2018-04-17 10:05:20.303', '00000000-0000-0000-0000-0000000004D8', '2018-04-17 10:05:25.230', '00000000-0000-0000-0000-0000000004D8', N'Test Fr 35')
INSERT dbo.ApplicationResourceValue(ApplicationResourceKeyId, LocaleId, CreatedDate, CreatedBy, UpdatedDate, UpdatedBy, Value) VALUES (36,91,'2018-04-17 10:05:43.963', '00000000-0000-0000-0000-0000000004D7', '2018-04-17 10:05:51.653', '00000000-0000-0000-0000-0000000004D7', N'Test En 36')
INSERT dbo.ApplicationResourceValue(ApplicationResourceKeyId, LocaleId, CreatedDate, CreatedBy, UpdatedDate, UpdatedBy, Value) VALUES (36,133,'2018-04-18 10:06:12.303', '00000000-0000-0000-0000-0000000004D8', '2018-04-17 10:06:18.097', '00000000-0000-0000-0000-0000000004D8', N'Test Fr 36')
INSERT dbo.ApplicationResourceValue(ApplicationResourceKeyId, LocaleId, CreatedDate, CreatedBy, UpdatedDate, UpdatedBy, Value) VALUES (37,91,'2018-04-16 10:04:32.843', '00000000-0000-0000-0000-0000000004D7', '2018-04-16 10:04:36.273', '00000000-0000-0000-0000-0000000004D7', N'Test En 37')
INSERT dbo.ApplicationResourceValue(ApplicationResourceKeyId, LocaleId, CreatedDate, CreatedBy, UpdatedDate, UpdatedBy, Value) VALUES (37,133,'2018-04-17 10:05:20.303', '00000000-0000-0000-0000-0000000004D8', '2018-04-17 10:05:25.230', '00000000-0000-0000-0000-0000000004D8', N'Test Fr 37')
INSERT dbo.ApplicationResourceValue(ApplicationResourceKeyId, LocaleId, CreatedDate, CreatedBy, UpdatedDate, UpdatedBy, Value) VALUES (38,91,'2018-04-17 10:05:43.963', '00000000-0000-0000-0000-0000000004D7', '2018-04-17 10:05:51.653', '00000000-0000-0000-0000-0000000004D7', N'Test En 38')
INSERT dbo.ApplicationResourceValue(ApplicationResourceKeyId, LocaleId, CreatedDate, CreatedBy, UpdatedDate, UpdatedBy, Value) VALUES (38,133,'2018-04-18 10:06:12.303', '00000000-0000-0000-0000-0000000004D8', '2018-04-17 10:06:18.097', '00000000-0000-0000-0000-0000000004D8', N'Test Fr 38')
INSERT dbo.ApplicationResourceValue(ApplicationResourceKeyId, LocaleId, CreatedDate, CreatedBy, UpdatedDate, UpdatedBy, Value) VALUES (39,91,'2018-04-16 10:04:32.843', '00000000-0000-0000-0000-0000000004D7', '2018-04-16 10:04:36.273', '00000000-0000-0000-0000-0000000004D7', N'Test En 39')
INSERT dbo.ApplicationResourceValue(ApplicationResourceKeyId, LocaleId, CreatedDate, CreatedBy, UpdatedDate, UpdatedBy, Value) VALUES (39,133,'2018-04-17 10:05:20.303', '00000000-0000-0000-0000-0000000004D8', '2018-04-17 10:05:25.230', '00000000-0000-0000-0000-0000000004D8', N'Test Fr 39')
INSERT dbo.ApplicationResourceValue(ApplicationResourceKeyId, LocaleId, CreatedDate, CreatedBy, UpdatedDate, UpdatedBy, Value) VALUES (40,91,'2018-04-17 10:05:43.963', '00000000-0000-0000-0000-0000000004D7', '2018-04-17 10:05:51.653', '00000000-0000-0000-0000-0000000004D7', N'Test En 40')
INSERT dbo.ApplicationResourceValue(ApplicationResourceKeyId, LocaleId, CreatedDate, CreatedBy, UpdatedDate, UpdatedBy, Value) VALUES (40,133,'2018-04-18 10:06:12.303', '00000000-0000-0000-0000-0000000004D8', '2018-04-17 10:06:18.097', '00000000-0000-0000-0000-0000000004D8', N'Test Fr 40')
INSERT dbo.ApplicationResourceValue(ApplicationResourceKeyId, LocaleId, CreatedDate, CreatedBy, UpdatedDate, UpdatedBy, Value) VALUES (41,91,'2018-04-16 10:04:32.843', '00000000-0000-0000-0000-0000000004D7', '2018-04-16 10:04:36.273', '00000000-0000-0000-0000-0000000004D7', N'Test En 41')
INSERT dbo.ApplicationResourceValue(ApplicationResourceKeyId, LocaleId, CreatedDate, CreatedBy, UpdatedDate, UpdatedBy, Value) VALUES (41,133,'2018-04-17 10:05:20.303', '00000000-0000-0000-0000-0000000004D8', '2018-04-17 10:05:25.230', '00000000-0000-0000-0000-0000000004D8', N'Test Fr 41')
INSERT dbo.ApplicationResourceValue(ApplicationResourceKeyId, LocaleId, CreatedDate, CreatedBy, UpdatedDate, UpdatedBy, Value) VALUES (42,91,'2018-04-17 10:05:43.963', '00000000-0000-0000-0000-0000000004D7', '2018-04-17 10:05:51.653', '00000000-0000-0000-0000-0000000004D7', N'Test En 42')
INSERT dbo.ApplicationResourceValue(ApplicationResourceKeyId, LocaleId, CreatedDate, CreatedBy, UpdatedDate, UpdatedBy, Value) VALUES (42,133,'2018-04-18 10:06:12.303', '00000000-0000-0000-0000-0000000004D8', '2018-04-17 10:06:18.097', '00000000-0000-0000-0000-0000000004D8', N'Test Fr 42')
INSERT dbo.ApplicationResourceValue(ApplicationResourceKeyId, LocaleId, CreatedDate, CreatedBy, UpdatedDate, UpdatedBy, Value) VALUES (43,91,'2018-04-16 10:04:32.843', '00000000-0000-0000-0000-0000000004D7', '2018-04-16 10:04:36.273', '00000000-0000-0000-0000-0000000004D7', N'Test En 43')
INSERT dbo.ApplicationResourceValue(ApplicationResourceKeyId, LocaleId, CreatedDate, CreatedBy, UpdatedDate, UpdatedBy, Value) VALUES (43,133,'2018-04-17 10:05:20.303', '00000000-0000-0000-0000-0000000004D8', '2018-04-17 10:05:25.230', '00000000-0000-0000-0000-0000000004D8', N'Test Fr 43')
INSERT dbo.ApplicationResourceValue(ApplicationResourceKeyId, LocaleId, CreatedDate, CreatedBy, UpdatedDate, UpdatedBy, Value) VALUES (44,91,'2018-04-17 10:05:43.963', '00000000-0000-0000-0000-0000000004D7', '2018-04-17 10:05:51.653', '00000000-0000-0000-0000-0000000004D7', N'Test En 44')
INSERT dbo.ApplicationResourceValue(ApplicationResourceKeyId, LocaleId, CreatedDate, CreatedBy, UpdatedDate, UpdatedBy, Value) VALUES (44,133,'2018-04-18 10:06:12.303', '00000000-0000-0000-0000-0000000004D8', '2018-04-17 10:06:18.097', '00000000-0000-0000-0000-0000000004D8', N'Test Fr 44')
INSERT dbo.ApplicationResourceValue(ApplicationResourceKeyId, LocaleId, CreatedDate, CreatedBy, UpdatedDate, UpdatedBy, Value) VALUES (45,91,'2018-04-16 10:04:32.843', '00000000-0000-0000-0000-0000000004D7', '2018-04-16 10:04:36.273', '00000000-0000-0000-0000-0000000004D7', N'Test En 45')
INSERT dbo.ApplicationResourceValue(ApplicationResourceKeyId, LocaleId, CreatedDate, CreatedBy, UpdatedDate, UpdatedBy, Value) VALUES (45,133,'2018-04-17 10:05:20.303', '00000000-0000-0000-0000-0000000004D8', '2018-04-17 10:05:25.230', '00000000-0000-0000-0000-0000000004D8', N'Test Fr 45')
INSERT dbo.ApplicationResourceValue(ApplicationResourceKeyId, LocaleId, CreatedDate, CreatedBy, UpdatedDate, UpdatedBy, Value) VALUES (46,91,'2018-04-17 10:05:43.963', '00000000-0000-0000-0000-0000000004D7', '2018-04-17 10:05:51.653', '00000000-0000-0000-0000-0000000004D7', N'Test En 46')
INSERT dbo.ApplicationResourceValue(ApplicationResourceKeyId, LocaleId, CreatedDate, CreatedBy, UpdatedDate, UpdatedBy, Value) VALUES (46,133,'2018-04-18 10:06:12.303', '00000000-0000-0000-0000-0000000004D8', '2018-04-17 10:06:18.097', '00000000-0000-0000-0000-0000000004D8', N'Test Fr 46')
INSERT dbo.ApplicationResourceValue(ApplicationResourceKeyId, LocaleId, CreatedDate, CreatedBy, UpdatedDate, UpdatedBy, Value) VALUES (47,91,'2018-04-16 10:04:32.843', '00000000-0000-0000-0000-0000000004D7', '2018-04-16 10:04:36.273', '00000000-0000-0000-0000-0000000004D7', N'Test En 47')
INSERT dbo.ApplicationResourceValue(ApplicationResourceKeyId, LocaleId, CreatedDate, CreatedBy, UpdatedDate, UpdatedBy, Value) VALUES (47,133,'2018-04-17 10:05:20.303', '00000000-0000-0000-0000-0000000004D8', '2018-04-17 10:05:25.230', '00000000-0000-0000-0000-0000000004D8', N'Test Fr 47')
INSERT dbo.ApplicationResourceValue(ApplicationResourceKeyId, LocaleId, CreatedDate, CreatedBy, UpdatedDate, UpdatedBy, Value) VALUES (48,91,'2018-04-17 10:05:43.963', '00000000-0000-0000-0000-0000000004D7', '2018-04-17 10:05:51.653', '00000000-0000-0000-0000-0000000004D7', N'Test En 48')
INSERT dbo.ApplicationResourceValue(ApplicationResourceKeyId, LocaleId, CreatedDate, CreatedBy, UpdatedDate, UpdatedBy, Value) VALUES (48,133,'2018-04-18 10:06:12.303', '00000000-0000-0000-0000-0000000004D8', '2018-04-17 10:06:18.097', '00000000-0000-0000-0000-0000000004D8', N'Test Fr 48')
INSERT dbo.ApplicationResourceValue(ApplicationResourceKeyId, LocaleId, CreatedDate, CreatedBy, UpdatedDate, UpdatedBy, Value) VALUES (49,91,'2018-04-16 10:04:32.843', '00000000-0000-0000-0000-0000000004D7', '2018-04-16 10:04:36.273', '00000000-0000-0000-0000-0000000004D7', N'Test En 49')
INSERT dbo.ApplicationResourceValue(ApplicationResourceKeyId, LocaleId, CreatedDate, CreatedBy, UpdatedDate, UpdatedBy, Value) VALUES (49,133,'2018-04-17 10:05:20.303', '00000000-0000-0000-0000-0000000004D8', '2018-04-17 10:05:25.230', '00000000-0000-0000-0000-0000000004D8', N'Test Fr 49')
INSERT dbo.ApplicationResourceValue(ApplicationResourceKeyId, LocaleId, CreatedDate, CreatedBy, UpdatedDate, UpdatedBy, Value) VALUES (50,91,'2018-04-17 10:05:43.963', '00000000-0000-0000-0000-0000000004D7', '2018-04-17 10:05:51.653', '00000000-0000-0000-0000-0000000004D7', N'Test En 50')
INSERT dbo.ApplicationResourceValue(ApplicationResourceKeyId, LocaleId, CreatedDate, CreatedBy, UpdatedDate, UpdatedBy, Value) VALUES (50,133,'2018-04-18 10:06:12.303', '00000000-0000-0000-0000-0000000004D8', '2018-04-17 10:06:18.097', '00000000-0000-0000-0000-0000000004D8', N'Test Fr 50')
INSERT dbo.ApplicationResourceValue(ApplicationResourceKeyId, LocaleId, CreatedDate, CreatedBy, UpdatedDate, UpdatedBy, Value) VALUES (51,91,'2018-04-16 10:04:32.843', '00000000-0000-0000-0000-0000000004D7', '2018-04-16 10:04:36.273', '00000000-0000-0000-0000-0000000004D7', N'Test En 51')
INSERT dbo.ApplicationResourceValue(ApplicationResourceKeyId, LocaleId, CreatedDate, CreatedBy, UpdatedDate, UpdatedBy, Value) VALUES (51,133,'2018-04-17 10:05:20.303', '00000000-0000-0000-0000-0000000004D8', '2018-04-17 10:05:25.230', '00000000-0000-0000-0000-0000000004D8', N'Test Fr 51')
INSERT dbo.ApplicationResourceValue(ApplicationResourceKeyId, LocaleId, CreatedDate, CreatedBy, UpdatedDate, UpdatedBy, Value) VALUES (52,91,'2018-04-17 10:05:43.963', '00000000-0000-0000-0000-0000000004D7', '2018-04-17 10:05:51.653', '00000000-0000-0000-0000-0000000004D7', N'Test En 52')
INSERT dbo.ApplicationResourceValue(ApplicationResourceKeyId, LocaleId, CreatedDate, CreatedBy, UpdatedDate, UpdatedBy, Value) VALUES (52,133,'2018-04-18 10:06:12.303', '00000000-0000-0000-0000-0000000004D8', '2018-04-17 10:06:18.097', '00000000-0000-0000-0000-0000000004D8', N'Test Fr 52')
INSERT dbo.ApplicationResourceValue(ApplicationResourceKeyId, LocaleId, CreatedDate, CreatedBy, UpdatedDate, UpdatedBy, Value) VALUES (53,91,'2018-04-16 10:04:32.843', '00000000-0000-0000-0000-0000000004D7', '2018-04-16 10:04:36.273', '00000000-0000-0000-0000-0000000004D7', N'Test En 53')
INSERT dbo.ApplicationResourceValue(ApplicationResourceKeyId, LocaleId, CreatedDate, CreatedBy, UpdatedDate, UpdatedBy, Value) VALUES (53,133,'2018-04-17 10:05:20.303', '00000000-0000-0000-0000-0000000004D8', '2018-04-17 10:05:25.230', '00000000-0000-0000-0000-0000000004D8', N'Test Fr 53')
INSERT dbo.ApplicationResourceValue(ApplicationResourceKeyId, LocaleId, CreatedDate, CreatedBy, UpdatedDate, UpdatedBy, Value) VALUES (54,91,'2018-04-17 10:05:43.963', '00000000-0000-0000-0000-0000000004D7', '2018-04-17 10:05:51.653', '00000000-0000-0000-0000-0000000004D7', N'Test En 54')
INSERT dbo.ApplicationResourceValue(ApplicationResourceKeyId, LocaleId, CreatedDate, CreatedBy, UpdatedDate, UpdatedBy, Value) VALUES (54,133,'2018-04-18 10:06:12.303', '00000000-0000-0000-0000-0000000004D8', '2018-04-17 10:06:18.097', '00000000-0000-0000-0000-0000000004D8', N'Test Fr 54')
INSERT dbo.ApplicationResourceValue(ApplicationResourceKeyId, LocaleId, CreatedDate, CreatedBy, UpdatedDate, UpdatedBy, Value) VALUES (55,91,'2018-04-16 10:04:32.843', '00000000-0000-0000-0000-0000000004D7', '2018-04-16 10:04:36.273', '00000000-0000-0000-0000-0000000004D7', N'Test En 55')
INSERT dbo.ApplicationResourceValue(ApplicationResourceKeyId, LocaleId, CreatedDate, CreatedBy, UpdatedDate, UpdatedBy, Value) VALUES (55,133,'2018-04-17 10:05:20.303', '00000000-0000-0000-0000-0000000004D8', '2018-04-17 10:05:25.230', '00000000-0000-0000-0000-0000000004D8', N'Test Fr 55')
INSERT dbo.ApplicationResourceValue(ApplicationResourceKeyId, LocaleId, CreatedDate, CreatedBy, UpdatedDate, UpdatedBy, Value) VALUES (56,91,'2018-04-17 10:05:43.963', '00000000-0000-0000-0000-0000000004D7', '2018-04-17 10:05:51.653', '00000000-0000-0000-0000-0000000004D7', N'Test En 56')
INSERT dbo.ApplicationResourceValue(ApplicationResourceKeyId, LocaleId, CreatedDate, CreatedBy, UpdatedDate, UpdatedBy, Value) VALUES (56,133,'2018-04-18 10:06:12.303', '00000000-0000-0000-0000-0000000004D8', '2018-04-17 10:06:18.097', '00000000-0000-0000-0000-0000000004D8', N'Test Fr 56')
INSERT dbo.ApplicationResourceValue(ApplicationResourceKeyId, LocaleId, CreatedDate, CreatedBy, UpdatedDate, UpdatedBy, Value) VALUES (57,91,'2018-04-16 10:04:32.843', '00000000-0000-0000-0000-0000000004D7', '2018-04-16 10:04:36.273', '00000000-0000-0000-0000-0000000004D7', N'Test En 57')
INSERT dbo.ApplicationResourceValue(ApplicationResourceKeyId, LocaleId, CreatedDate, CreatedBy, UpdatedDate, UpdatedBy, Value) VALUES (57,133,'2018-04-17 10:05:20.303', '00000000-0000-0000-0000-0000000004D8', '2018-04-17 10:05:25.230', '00000000-0000-0000-0000-0000000004D8', N'Test Fr 57')
INSERT dbo.ApplicationResourceValue(ApplicationResourceKeyId, LocaleId, CreatedDate, CreatedBy, UpdatedDate, UpdatedBy, Value) VALUES (58,91,'2018-04-17 10:05:43.963', '00000000-0000-0000-0000-0000000004D7', '2018-04-17 10:05:51.653', '00000000-0000-0000-0000-0000000004D7', N'Test En 58')
INSERT dbo.ApplicationResourceValue(ApplicationResourceKeyId, LocaleId, CreatedDate, CreatedBy, UpdatedDate, UpdatedBy, Value) VALUES (58,133,'2018-04-18 10:06:12.303', '00000000-0000-0000-0000-0000000004D8', '2018-04-17 10:06:18.097', '00000000-0000-0000-0000-0000000004D8', N'Test Fr 58')
INSERT dbo.ApplicationResourceValue(ApplicationResourceKeyId, LocaleId, CreatedDate, CreatedBy, UpdatedDate, UpdatedBy, Value) VALUES (59,91,'2018-04-16 10:04:32.843', '00000000-0000-0000-0000-0000000004D7', '2018-04-16 10:04:36.273', '00000000-0000-0000-0000-0000000004D7', N'Test En 59')
INSERT dbo.ApplicationResourceValue(ApplicationResourceKeyId, LocaleId, CreatedDate, CreatedBy, UpdatedDate, UpdatedBy, Value) VALUES (59,133,'2018-04-17 10:05:20.303', '00000000-0000-0000-0000-0000000004D8', '2018-04-17 10:05:25.230', '00000000-0000-0000-0000-0000000004D8', N'Test Fr 59')
INSERT dbo.ApplicationResourceValue(ApplicationResourceKeyId, LocaleId, CreatedDate, CreatedBy, UpdatedDate, UpdatedBy, Value) VALUES (60,91,'2018-04-17 10:05:43.963', '00000000-0000-0000-0000-0000000004D7', '2018-04-17 10:05:51.653', '00000000-0000-0000-0000-0000000004D7', N'Test En 60')
INSERT dbo.ApplicationResourceValue(ApplicationResourceKeyId, LocaleId, CreatedDate, CreatedBy, UpdatedDate, UpdatedBy, Value) VALUES (60,133,'2018-04-18 10:06:12.303', '00000000-0000-0000-0000-0000000004D8', '2018-04-17 10:06:18.097', '00000000-0000-0000-0000-0000000004D8', N'Test Fr 60')
INSERT dbo.ApplicationResourceValue(ApplicationResourceKeyId, LocaleId, CreatedDate, CreatedBy, UpdatedDate, UpdatedBy, Value) VALUES (61,91,'2018-04-16 10:04:32.843', '00000000-0000-0000-0000-0000000004D7', '2018-04-16 10:04:36.273', '00000000-0000-0000-0000-0000000004D7', N'Test En 61')
INSERT dbo.ApplicationResourceValue(ApplicationResourceKeyId, LocaleId, CreatedDate, CreatedBy, UpdatedDate, UpdatedBy, Value) VALUES (61,133,'2018-04-17 10:05:20.303', '00000000-0000-0000-0000-0000000004D8', '2018-04-17 10:05:25.230', '00000000-0000-0000-0000-0000000004D8', N'Test Fr 61')
INSERT dbo.ApplicationResourceValue(ApplicationResourceKeyId, LocaleId, CreatedDate, CreatedBy, UpdatedDate, UpdatedBy, Value) VALUES (62,91,'2018-04-17 10:05:43.963', '00000000-0000-0000-0000-0000000004D7', '2018-04-17 10:05:51.653', '00000000-0000-0000-0000-0000000004D7', N'Test En 62')
INSERT dbo.ApplicationResourceValue(ApplicationResourceKeyId, LocaleId, CreatedDate, CreatedBy, UpdatedDate, UpdatedBy, Value) VALUES (62,133,'2018-04-18 10:06:12.303', '00000000-0000-0000-0000-0000000004D8', '2018-04-17 10:06:18.097', '00000000-0000-0000-0000-0000000004D8', N'Test Fr 62')
INSERT dbo.ApplicationResourceValue(ApplicationResourceKeyId, LocaleId, CreatedDate, CreatedBy, UpdatedDate, UpdatedBy, Value) VALUES (63,91,'2018-04-16 10:04:32.843', '00000000-0000-0000-0000-0000000004D7', '2018-04-16 10:04:36.273', '00000000-0000-0000-0000-0000000004D7', N'Test En 63')
INSERT dbo.ApplicationResourceValue(ApplicationResourceKeyId, LocaleId, CreatedDate, CreatedBy, UpdatedDate, UpdatedBy, Value) VALUES (63,133,'2018-04-17 10:05:20.303', '00000000-0000-0000-0000-0000000004D8', '2018-04-17 10:05:25.230', '00000000-0000-0000-0000-0000000004D8', N'Test Fr 63')
INSERT dbo.ApplicationResourceValue(ApplicationResourceKeyId, LocaleId, CreatedDate, CreatedBy, UpdatedDate, UpdatedBy, Value) VALUES (64,91,'2018-04-17 10:05:43.963', '00000000-0000-0000-0000-0000000004D7', '2018-04-17 10:05:51.653', '00000000-0000-0000-0000-0000000004D7', N'Test En 64')
INSERT dbo.ApplicationResourceValue(ApplicationResourceKeyId, LocaleId, CreatedDate, CreatedBy, UpdatedDate, UpdatedBy, Value) VALUES (64,133,'2018-04-18 10:06:12.303', '00000000-0000-0000-0000-0000000004D8', '2018-04-17 10:06:18.097', '00000000-0000-0000-0000-0000000004D8', N'Test Fr 64')
INSERT dbo.ApplicationResourceValue(ApplicationResourceKeyId, LocaleId, CreatedDate, CreatedBy, UpdatedDate, UpdatedBy, Value) VALUES (65,91,'2018-04-16 10:04:32.843', '00000000-0000-0000-0000-0000000004D7', '2018-04-16 10:04:36.273', '00000000-0000-0000-0000-0000000004D7', N'Test En 65')
INSERT dbo.ApplicationResourceValue(ApplicationResourceKeyId, LocaleId, CreatedDate, CreatedBy, UpdatedDate, UpdatedBy, Value) VALUES (65,133,'2018-04-17 10:05:20.303', '00000000-0000-0000-0000-0000000004D8', '2018-04-17 10:05:25.230', '00000000-0000-0000-0000-0000000004D8', N'Test Fr 65')
INSERT dbo.ApplicationResourceValue(ApplicationResourceKeyId, LocaleId, CreatedDate, CreatedBy, UpdatedDate, UpdatedBy, Value) VALUES (66,91,'2018-04-17 10:05:43.963', '00000000-0000-0000-0000-0000000004D7', '2018-04-17 10:05:51.653', '00000000-0000-0000-0000-0000000004D7', N'Test En 66')
INSERT dbo.ApplicationResourceValue(ApplicationResourceKeyId, LocaleId, CreatedDate, CreatedBy, UpdatedDate, UpdatedBy, Value) VALUES (66,133,'2018-04-18 10:06:12.303', '00000000-0000-0000-0000-0000000004D8', '2018-04-17 10:06:18.097', '00000000-0000-0000-0000-0000000004D8', N'Test Fr 66')
INSERT dbo.ApplicationResourceValue(ApplicationResourceKeyId, LocaleId, CreatedDate, CreatedBy, UpdatedDate, UpdatedBy, Value) VALUES (67,91,'2018-04-16 10:04:32.843', '00000000-0000-0000-0000-0000000004D7', '2018-04-16 10:04:36.273', '00000000-0000-0000-0000-0000000004D7', N'Test En 67')
INSERT dbo.ApplicationResourceValue(ApplicationResourceKeyId, LocaleId, CreatedDate, CreatedBy, UpdatedDate, UpdatedBy, Value) VALUES (67,133,'2018-04-17 10:05:20.303', '00000000-0000-0000-0000-0000000004D8', '2018-04-17 10:05:25.230', '00000000-0000-0000-0000-0000000004D8', N'Test Fr 67')
INSERT dbo.ApplicationResourceValue(ApplicationResourceKeyId, LocaleId, CreatedDate, CreatedBy, UpdatedDate, UpdatedBy, Value) VALUES (68,91,'2018-04-17 10:05:43.963', '00000000-0000-0000-0000-0000000004D7', '2018-04-17 10:05:51.653', '00000000-0000-0000-0000-0000000004D7', N'Test En 68')
INSERT dbo.ApplicationResourceValue(ApplicationResourceKeyId, LocaleId, CreatedDate, CreatedBy, UpdatedDate, UpdatedBy, Value) VALUES (68,133,'2018-04-18 10:06:12.303', '00000000-0000-0000-0000-0000000004D8', '2018-04-17 10:06:18.097', '00000000-0000-0000-0000-0000000004D8', N'Test Fr 68')
INSERT dbo.ApplicationResourceValue(ApplicationResourceKeyId, LocaleId, CreatedDate, CreatedBy, UpdatedDate, UpdatedBy, Value) VALUES (69,91,'2018-04-16 10:04:32.843', '00000000-0000-0000-0000-0000000004D7', '2018-04-16 10:04:36.273', '00000000-0000-0000-0000-0000000004D7', N'Test En 69')
INSERT dbo.ApplicationResourceValue(ApplicationResourceKeyId, LocaleId, CreatedDate, CreatedBy, UpdatedDate, UpdatedBy, Value) VALUES (69,133,'2018-04-17 10:05:20.303', '00000000-0000-0000-0000-0000000004D8', '2018-04-17 10:05:25.230', '00000000-0000-0000-0000-0000000004D8', N'Test Fr 69')
INSERT dbo.ApplicationResourceValue(ApplicationResourceKeyId, LocaleId, CreatedDate, CreatedBy, UpdatedDate, UpdatedBy, Value) VALUES (70,91,'2018-04-17 10:05:43.963', '00000000-0000-0000-0000-0000000004D7', '2018-04-17 10:05:51.653', '00000000-0000-0000-0000-0000000004D7', N'Test En 70')
INSERT dbo.ApplicationResourceValue(ApplicationResourceKeyId, LocaleId, CreatedDate, CreatedBy, UpdatedDate, UpdatedBy, Value) VALUES (70,133,'2018-04-18 10:06:12.303', '00000000-0000-0000-0000-0000000004D8', '2018-04-17 10:06:18.097', '00000000-0000-0000-0000-0000000004D8', N'Test Fr 70')
INSERT dbo.ApplicationResourceValue(ApplicationResourceKeyId, LocaleId, CreatedDate, CreatedBy, UpdatedDate, UpdatedBy, Value) VALUES (71,91,'2018-04-16 10:04:32.843', '00000000-0000-0000-0000-0000000004D7', '2018-04-16 10:04:36.273', '00000000-0000-0000-0000-0000000004D7', N'Test En 71')
INSERT dbo.ApplicationResourceValue(ApplicationResourceKeyId, LocaleId, CreatedDate, CreatedBy, UpdatedDate, UpdatedBy, Value) VALUES (71,133,'2018-04-17 10:05:20.303', '00000000-0000-0000-0000-0000000004D8', '2018-04-17 10:05:25.230', '00000000-0000-0000-0000-0000000004D8', N'Test Fr 71')
INSERT dbo.ApplicationResourceValue(ApplicationResourceKeyId, LocaleId, CreatedDate, CreatedBy, UpdatedDate, UpdatedBy, Value) VALUES (72,91,'2018-04-17 10:05:43.963', '00000000-0000-0000-0000-0000000004D7', '2018-04-17 10:05:51.653', '00000000-0000-0000-0000-0000000004D7', N'Test En 72')
INSERT dbo.ApplicationResourceValue(ApplicationResourceKeyId, LocaleId, CreatedDate, CreatedBy, UpdatedDate, UpdatedBy, Value) VALUES (72,133,'2018-04-18 10:06:12.303', '00000000-0000-0000-0000-0000000004D8', '2018-04-17 10:06:18.097', '00000000-0000-0000-0000-0000000004D8', N'Test Fr 72')

